INSERT INTO ROOM (ROOM_ID, BUILDING, ROOM_NUMBER, SEATS, TYPE) VALUES (1, 'A', 104, 34, 1);
INSERT INTO ROOM (ROOM_ID, BUILDING, ROOM_NUMBER, SEATS, TYPE) VALUES (2, 'A', 204, 33, 2);
INSERT INTO ROOM (ROOM_ID, BUILDING, ROOM_NUMBER, SEATS, TYPE) VALUES (3, 'B', 101, 22, 2);
INSERT INTO ROOM (ROOM_ID, BUILDING, ROOM_NUMBER, SEATS, TYPE) VALUES (4, 'H', 107, 55, 3);
INSERT INTO ROOM (ROOM_ID, BUILDING, ROOM_NUMBER, SEATS, TYPE) VALUES (5, 'H', 004, 25, 0);
INSERT INTO ROOM (ROOM_ID, BUILDING, ROOM_NUMBER, SEATS, TYPE) VALUES (6, 'H', 002, 30, 2);
INSERT INTO ROOM (ROOM_ID, BUILDING, ROOM_NUMBER, SEATS, TYPE) VALUES (7, 'C', 102, 27, 3);
INSERT INTO ROOM (ROOM_ID, BUILDING, ROOM_NUMBER, SEATS, TYPE) VALUES (8, 'E', 202, 40, 0);

INSERT INTO TUTOR (TUTOR_ID, CHANGE_TIME, FIRST_NAME, LAST_NAME, TITLE) VALUES (1, 15, 'Stephan', 'Anft', '');
INSERT INTO TUTOR (TUTOR_ID, CHANGE_TIME, FIRST_NAME, LAST_NAME, TITLE) VALUES (2, 25, 'Joachim', 'Sauer', 'Dr.');
INSERT INTO TUTOR (TUTOR_ID, CHANGE_TIME, FIRST_NAME, LAST_NAME, TITLE) VALUES (3, 11, 'Frank', 'Zimmermann', 'Prof. Dr.');
INSERT INTO TUTOR (TUTOR_ID, CHANGE_TIME, FIRST_NAME, LAST_NAME, TITLE) VALUES (4, 15, 'Johannes', 'Brauer', 'Prof. Dr.');
INSERT INTO TUTOR (TUTOR_ID, CHANGE_TIME, FIRST_NAME, LAST_NAME, TITLE) VALUES (5, 2, 'Hinrich', 'Schroeder', 'Prof. Dr.');
INSERT INTO TUTOR (TUTOR_ID, CHANGE_TIME, FIRST_NAME, LAST_NAME, TITLE) VALUES (6, 32, 'Rolf', 'Albert', '');

INSERT INTO CENTURIA (CENTURIA_ID, CHANGE_TIME, LETTER, NBR_OF_STUDENTS, PROGRAM, "YEAR") VALUES (1, 15, 'a', 30, 'WINF', 2012);
INSERT INTO CENTURIA (CENTURIA_ID, CHANGE_TIME, LETTER, NBR_OF_STUDENTS, PROGRAM, "YEAR") VALUES (2, 11, 'b', 30, 'BWL', 2013);
INSERT INTO CENTURIA (CENTURIA_ID, CHANGE_TIME, LETTER, NBR_OF_STUDENTS, PROGRAM, "YEAR") VALUES (3, 17, 'b', 35, 'WING', 2014);
INSERT INTO CENTURIA (CENTURIA_ID, CHANGE_TIME, LETTER, NBR_OF_STUDENTS, PROGRAM, "YEAR") VALUES (4, 15, 'a', 29, 'AINF', 2014);
INSERT INTO CENTURIA (CENTURIA_ID, CHANGE_TIME, LETTER, NBR_OF_STUDENTS, PROGRAM, "YEAR") VALUES (5, 20, 'c', 16, 'WING', 2013);
INSERT INTO CENTURIA (CENTURIA_ID, CHANGE_TIME, LETTER, NBR_OF_STUDENTS, PROGRAM, "YEAR") VALUES (6, 10, 'c', 38, 'BWL', 2012);

INSERT INTO COURSE (COURSE_ID, NAME, TYPE, TUTOR_ID) VALUES (1, 'VWL-Klausur', 1, 5);
INSERT INTO COURSE (COURSE_ID, NAME, TYPE, TUTOR_ID) VALUES (2, 'Programmierung 1', 0, 1);
INSERT INTO COURSE (COURSE_ID, NAME, TYPE, TUTOR_ID) VALUES (3, 'Softwaretechnik', 0, 2);
INSERT INTO COURSE (COURSE_ID, NAME, TYPE, TUTOR_ID) VALUES (4, 'Seminar - Hibernate', 2, 1);
INSERT INTO COURSE (COURSE_ID, NAME, TYPE, TUTOR_ID) VALUES (5, 'WPK - Big Data', 3, 6);
INSERT INTO COURSE (COURSE_ID, NAME, TYPE, TUTOR_ID) VALUES (6, 'Mathe 1', 0, 3);
INSERT INTO COURSE (COURSE_ID, NAME, TYPE, TUTOR_ID) VALUES (7, 'Smalltalk', 0, 4);

INSERT INTO EVENT ("BEGIN", "END", COURSE_ID) VALUES ('2015-10-02 12:00:00', '2015-10-02 12:45:00', 1);
INSERT INTO EVENT ("BEGIN", "END", COURSE_ID) VALUES ('2015-10-02 09:00:00', '2015-10-02 12:00:00', 2);
INSERT INTO EVENT ("BEGIN", "END", COURSE_ID) VALUES ('2015-10-02 12:15:00', '2015-10-02 14:45:00', 2);
INSERT INTO EVENT ("BEGIN", "END", COURSE_ID) VALUES ('2015-10-08 10:00:00', '2015-10-08 12:45:00', 3);
INSERT INTO EVENT ("BEGIN", "END", COURSE_ID) VALUES ('2015-10-10 12:00:00', '2015-10-10 12:45:00', 4);
INSERT INTO EVENT ("BEGIN", "END", COURSE_ID) VALUES ('2015-10-28 12:00:00', '2015-10-28 12:45:00', 5);
INSERT INTO EVENT ("BEGIN", "END", COURSE_ID) VALUES ('2015-10-28 12:00:00', '2015-10-28 12:45:00', 6);
INSERT INTO EVENT ("BEGIN", "END", COURSE_ID) VALUES ('2015-10-29 12:00:00', '2015-10-29 12:45:00', 7);

INSERT INTO COURSE_CENTURIA (CENTURIA_ID, COURSE_ID) VALUES (1, 1);
INSERT INTO COURSE_CENTURIA (CENTURIA_ID, COURSE_ID) VALUES (2, 3);
INSERT INTO COURSE_CENTURIA (CENTURIA_ID, COURSE_ID) VALUES (3, 4);
INSERT INTO COURSE_CENTURIA (CENTURIA_ID, COURSE_ID) VALUES (1, 2);
INSERT INTO COURSE_CENTURIA (CENTURIA_ID, COURSE_ID) VALUES (5, 5);
INSERT INTO COURSE_CENTURIA (CENTURIA_ID, COURSE_ID) VALUES (6, 6);

INSERT INTO EVENT_ROOM (ROOM_ID, EVENT_ID) VALUES (4, 1);
INSERT INTO EVENT_ROOM (ROOM_ID, EVENT_ID) VALUES (1, 2);
INSERT INTO EVENT_ROOM (ROOM_ID, EVENT_ID) VALUES (2, 3);
INSERT INTO EVENT_ROOM (ROOM_ID, EVENT_ID) VALUES (8, 4);
INSERT INTO EVENT_ROOM (ROOM_ID, EVENT_ID) VALUES (7, 5);
INSERT INTO EVENT_ROOM (ROOM_ID, EVENT_ID) VALUES (4, 6);
